record,Record Number,Title,top_20,earlier_work,later_work,core,doi,year,author,pmid,wos_core
1,151,aafp innovation lab reducing documentation burden through the use of a digital assistant,NA,NA,NA,core,NA,2021,NA,NA,NA
4,2,i had not time to make it shorter an exploratory analysis of how physicians reduce note length and time in notes,NA,NA,NA,core,10.1093/jamia/ocac211,2023,"Apathy, Nate C., Hare, Allison J., Fendrich, Sarah and Cross, Dori A.",NA,wos_core
9,73,documentation dynamics note composition burden and physician efficiency,NA,NA,NA,core,10.1111/1475-6773.14097,2023,"Apathy, N. C., Rotenstein, L., Bates, D. W. and Holmgren, A. J.",NA,wos_core
14,68,tethered to the ehr primary care physician workload assessment using ehr event log data and timemotion observations,top 20,NA,NA,core,10.1370/afm.2121,2017,"Arndt, B. G., Beasley, J. W., Watkinson, M. D., Temte, J. L., Tuan, W. J., Sinsky, C. A., Gilchrist, V. J. and Ann Fam, Med",28893811,wos_core
17,74,characterization of electronic health record use outside scheduled clinic hours among primary care pediatricians retrospective descriptive task analysis of electronic health record access log data,NA,NA,NA,core,10.2196/34787,2022,"Attipoe, S., Hoffman, J., Rust, S., Huang, Y. G., Barnard, J. A., Schweikhart, S., Hefner, J. L., Walker, D. M. and Linwood, S.",NA,wos_core
22,116,interfacing with the electronic health record ehr a comparative review of modes of documentation,NA,NA,later work,core,10.7759/cureus.26330,2022,"Avendano, John P., Gallagher, Daniel O., Hawes, Joseph D., Boyle, Joseph, Glasser, Laurie, Aryee, Jomar, Katt, Brian M., Hawes, Joseph, Boyle, Joseph J. and Aryee, Jomar N.",35911305,wos_core
26,117,cms payment policy em guideline reform and the prospect of electronic health record optimization,NA,NA,NA,core,NA,2018,"Basch, Peter and Smith, Jeffery R. L.",NA,wos_core
30,3,use of medical scribes to reduce documentation burden are they where we need to go with clinical documentation,NA,NA,NA,core,10.1001/jamainternmed.2018.3945,2018,"Bates, D. W. and Landman, A. B.",NA,wos_core
35,75,promoting quality facetoface communication during ophthalmology encounters in the electronic health record era,NA,NA,NA,core,10.1055/s-0040-1701255,2020,"Baxter, S. L., Gali, H. E., Chiang, M. F., Hribar, M. R., Ohno-Machado, L., El-Kareh, R., Huang, A. E., Chen, H. E., Camp, A. S., Kikkawa, D. O., Korn, B. S., Lee, J. E., Longhurst, C. A. and Millen, M.",NA,wos_core
40,69,virtual scribe services decrease documentation burden without affecting patient satisfaction a randomized controlled trial,NA,NA,NA,core,10.1177/1938640020950544,2022,"Benko, S., Idarraga, A. J., Bohl, D. D. and Hamid, K. S.",NA,wos_core
45,76,development and content validation of the burden of documentation for nurses and midwives burdonsam survey,NA,NA,NA,core,10.1111/jan.14320,2020,"Brown, J. A., Cooper, A. L. and Albrecht, M. A.",NA,wos_core
50,77,potential of medical scribes to allay the burden of documentation and enhance efficiency in australian emergency departments,NA,NA,NA,core,10.1111/1742-6723.12460,2015,"Cabilan, C. J. and Eley, R. M.",NA,wos_core
55,78,emr usage and nurse documentation burden in a medical intensive care unit,NA,NA,NA,core,10.1007/978-3-031-06018-2_11,2022,"Camilleri, N., Henks, N., Seo, K. and Kim, J. H.",NA,wos_core
60,4,documentation burden and cognitive burden how much is too much information,NA,NA,NA,core,10.1097/CIN.0000000000000522,2019,"Carter-Templeton, Heather and Padden, Joni",NA,wos_core
65,5,stupid program gets results a hawaii health system adopts a refreshing approach to address documentation issues,NA,NA,NA,core,NA,2019,"Chavis, Selena",NA,NA
69,118,what the joint commission medication management titration standards mean to quality care for complex patients,NA,NA,NA,core,NA,2023,"Chechel, Laura, McLean, Barbara, Slazinski, Theresa and Rincon, Teresa",NA,NA
73,79,electronic health record ehr simulation into biomedical informatics course improves students understanding of the impact of ehr documentation burden and usability on clinical workflow,NA,NA,NA,core,10.1007/s12553-022-00649-8,2022,"Clarke, M. A. and Ghersi, D.",NA,wos_core
78,6,ai voice assistants listen in on patient visits to ease the ehr burden,NA,NA,NA,core,NA,2019,"Cohen, Jessica Kim",NA,NA
82,119,clinicians reasoning as reflected in electronic clinical noteentry and readingretrieval a systematic review and qualitative synthesis,top 20,NA,NA,core,10.1093/jamia/ocy155,2019,"Colicchio, Tiago K. and Cimino, James J.",30576561,wos_core
86,7,quantifying and visualizing nursing flowsheet documentation burden in acute and critical care,top 20,NA,NA,core,NA,2018,"Collins, S., Couture, B., Kang, M. J., Dykes, P., Schnock, K., Knaplund, C., Chang, F. and Cato, K.",30815074,NA
90,80,the changing spirit of ruralcommunity nursing  documentation burden,NA,NA,NA,core,10.1111/j.1525-1446.1995.tb00118.x,1995,"Congdon, J. G. and Magilvy, J. K.",NA,wos_core
95,120,is nursing and midwifery clinical documentation a burden an empirical study of perception versus reality,NA,NA,NA,core,NA,2021,"Cooper, Alannah L., Brown, Janie A., Eccles, Siobhan P., Cooper, Narelle and Albrecht, Matthew A.",NA,wos_core
99,81,evaluating electronic health record limitations and time expenditure in a german medical center,NA,NA,NA,core,10.1055/s-0041-1739519,2021,"de Hoop, T. and Neumuth, T.",NA,wos_core
104,121,the lived experience of providing nursing care without computer assisted technology following a malware attack,NA,NA,NA,core,NA,2022,"DeWolf Bosek, Marcia Sue and Snow, Amber",NA,NA
108,122,scribe utilization in the primary care environment,NA,NA,NA,core,NA,2017,"DiSanto, Rocco and Venkat Prasad, M. D.",NA,NA
112,123,navigational complexity framework for ehrmediated workflow in perioperative care,NA,NA,NA,core,NA,2021,"Duncan, Benjamin Jacob",NA,NA
116,106,were lost but we are making good time navigating complex pathways in a patientorder management task,NA,NA,NA,core,NA,2020,"Duncan, B. J., Kassis, A. N., Kaufman, D. R., Grando, A., Poterack, K. A., Helmers, R. A., Miksch, T. K., Zheng, L. and Doebbeling, B. N.",NA,NA
120,8,building the evidencebase to reduce electronic health recordrelated clinician burden,top 20,NA,NA,core,10.1093/jamia/ocaa238,2021,"Dymek, Christine, Kim, Bryan, Melton, Genevieve B., Payne, Thomas H., Singh, Hardeep and Hsiao, Chun-Ju",33340326,wos_core
125,9,quantifying the electronic health record burden in head and neck cancer care,NA,NA,later work,core,10.1055/s-0042-1756422,2022,"Ebbers, Tom, Kool, Rudolf B., Smeele, Ludi E., Takes, Robert P., van den Broek, Guido B. and Dirven, Richard",36104154,wos_core
130,124,evaluation of medical scribes effect on the emergency departments productivity,NA,NA,NA,core,NA,2020,"El Noaimi, Muje",NA,NA
134,10,nursing documentation burden,NA,NA,NA,core,NA,2022,"Elkind, Elizabeth C.",NA,NA
138,11,a framework for national collaboration to reduce documentation burden and design for usable and reusable data,NA,NA,NA,core,10.1097/nna.0000000000000988,2021,"Englebright, Jane, Michel, Sarah, Boyd, David L. and Hulett, Shannon L.",NA,wos_core
143,12,speech recognition technology for increasing nursing documentation efficiency,NA,NA,NA,core,NA,2022,"Everett, Marianne, Redner, Jennifer, Kalenscher, Amy, Durso, Dana and Nguyen, Suong",NA,NA
147,107,supporting the capture of social needs through natural language processing,NA,NA,NA,core,10.3122/jabfm.2022.220415R0,2023,"Frey, L. J., Hughes Halbert, C. and Blasy, C. D.",NA,NA
152,13,medical documentation burden among us officebased physicians in 2019 a national study,NA,NA,NA,core,10.1001/jamainternmed.2022.0372,2022,"Gaffney, Adam, Woolhandler, Stephanie, Cai, Christopher, Bor, David, Himmelstein, Jessica, McCormick, Danny and Himmelstein, David U.",NA,wos_core
157,14,the burden and burnout in documenting patient care an integrative literature review,top 20,NA,NA,core,10.3233/SHTI190415,2019,"Gazarian, P., Dykes, P. and Gesner, E.",31438114,wos_core
162,15,documentation burden in nursing and its role in clinician burnout syndrome,NA,NA,later work,core,10.1055/s-0042-1757157,2022,"Gesner, Emily, Dykes, Patricia C., Zhang, Lingling and Gazarian, Priscilla",36261113,wos_core
166,16,nurses documentation burden and its role in clinician burnout syndrome,NA,NA,NA,core,NA,2021,"Gesner, Emily Jean",NA,NA
170,17,streamlining evaluation and management payment to reduce clinician burden,NA,NA,NA,core,10.1161/circoutcomes.118.005426,2019,"Gluckman, Ty J. and Vavricek, James J.",NA,wos_core
175,18,the painful truth the documentation burden of a trauma surgeon,top 20,NA,NA,core,10.1097/TA.0000000000000986,2016,"Golob, J. F., Como, J. J. and Claridge, J. A.",26886003,wos_core
180,82,trauma surgeons save livesscribes save trauma surgeons,NA,NA,NA,core,NA,2018,"Golob, J. F., Como, J. J. and Claridge, J. A.",NA,wos_core
184,147,characterizing styles of clinical note production and relationship to clinical work hours among firstyear residents,NA,NA,NA,core,10.1093/jamia/ocab253,2022,"Gong, Jen J., Soleimani, Hossein, Murray, Sara G. and Adler-Milstein, Julia",NA,wos_core
189,125,nurse documentation burden for patients undergoing hip and knee arthroplasty a quality improvement project,NA,NA,NA,core,NA,2021,"Gonzalez, Kathleen",NA,NA
193,108,documentation burden or blessing,NA,NA,NA,core,NA,1994,"Gutheil, T. G.",NA,NA
197,19,being with computer midwives perspectives of the impact of the electronic maternity record on their practice providing womancentred care,NA,NA,NA,core,10.1016/j.wombi.2022.07.056,2022,"Hadland, Miss Mariann, Smyth, Wendy, Craswell, Alison, Kearney, Lauren and Nagle, Cate",NA,wos_core
202,109,factors influencing turnover and attrition in the public behavioral health system workforce qualitative study,NA,NA,NA,core,10.1176/appi.ps.20220516,2023,"Hallett, E., Simeon, E., Amba, V., Howington, D., McConnell, K. J. and Zhu, J. M.",NA,NA
207,126,reinterpreting the nursing record for an electronic context,NA,NA,NA,core,NA,2019,"Hardiker, Nicholas R., Dowding, Dawn, Dykes, Patricia C. and Sermeus, Walter",NA,wos_core
211,20,nursing cognitiveoverload and electronic documentation burden a literature review,NA,NA,NA,core,NA,2020,"Harmon, Carolyn S., Adams, Swann Arp and Davis, Jean E.",NA,NA
215,21,effect of scribes on patient throughput revenue and patient and provider satisfaction a systematic review and metaanalysis,top 20,NA,NA,core,10.1016/j.ajem.2016.07.056,2016,"Heaton, H. A., Castaneda-Guarderas, A., Trotter, E. R., Erwin, P. J. and Bellolio, M. F.",27534432,wos_core
220,127,automated data extraction merging clinical care with realtime cohortspecific research and quality improvement data,NA,NA,NA,core,NA,2017,"Hebal, Ferdynand, Nanney, Elizabeth, Stake, Christine, Miller, M. L., Lales, George and Barsness, Katherine A.",NA,wos_core
224,152,computeraided medical management in the physicians office,NA,NA,NA,core,NA,1977,"Heisterkamp Iii, Charles",NA,NA
228,110,bc medication management project perspectives of pharmacists patients and physicians,NA,NA,NA,core,10.1177/1715163515569571,2015,"Henrich, N., Tsao, N., Gastonguay, L., Lynd, L. and Marra, C. A.",NA,NA
233,22,time spent on documenting quality indicator data and associations between the perceived burden of documenting these data and joy in work among professionals in intensive care units in the netherlands a multicentre crosssectional survey,NA,NA,NA,core,NA,2023,"Hesselink, Gijs, Verhage, Rutger, Hoiting, Oscar, Verweij, Eva, Janssen, Inge, Westerhof, Brigitte, Ambaum, Gilian, van der Horst, Iwan C. C., de Jong, Paul and Postma, Nynke",NA,wos_core
237,23,25 5 symposium to reduce documentation burden reportout and call for action,NA,NA,later work,core,10.1055/s-0042-1746169,2022,"Hobensack, Mollie, Levy, Deborah R., Cato, Kenrick, Detmer, Don E., Johnson, Kevin B., Williamson, Jeffrey, Murphy, Judy, Moy, Amanda, Withall, Jennifer and Lee, Rachel",35545125,wos_core
241,83,preparing for the future establishing a national consensus on nursing crisis documentation,NA,NA,NA,core,10.1097/CIN.0000000000000896,2023,"Hoelscher, S. H., McBride, S. and Bumpus, S.",NA,wos_core
246,84,an essential clinical dataset intervention for nursing documentation of a pediatric admission history database,NA,NA,NA,core,10.1016/j.pedn.2021.03.022,2021,"Horn, J. J., Doucette, J. N. and Sweeney, N. L.",NA,wos_core
251,24,restoring meaningful content to the medical record standardizing measurement could improve ehr utility while decreasing burden,NA,NA,NA,core,10.1016/j.mayocp.2022.07.007,2022,"Iscoe, M. S., McLean, R. M. and Melnick, E. R.",NA,wos_core
256,128,electronic health records and clinician burnout a story of three eras,NA,NA,NA,core,NA,2021,"Johnson, Kevin B., Neuss, Michael J. and Detmer, Don Eugene",NA,wos_core
260,85,time spent on dedicated patient care and documentation tasks before and after the introduction of a structured and standardized electronic health record,top 20,NA,NA,core,10.1055/s-0037-1615747,2018,"Joukes, E., Abu-Hanna, A., Cornet, R. and de Keizer, N. F.",29342479,wos_core
265,25,notes 20 reducing documentation burden,NA,NA,NA,core,NA,2022,"Kaizuka, Sachiko, Maguire, Jennifer, Sridhar, Soumya, Devine, Mathew, Nicandri, Gregg and Fogarty, Colleen T.",NA,NA
269,86,nursing documentation variation across different medical facilities within an integrated healthcare system,NA,NA,NA,core,10.1097/CIN.0000000000000736,2021,"Kang, M. J., Rossetti, S. C., Knaplund, C., Chang, F. Y., Schnock, K. O., Whalen, K., Gesner, E. J., Garcia, J. P., Cato, K. D. and Dykes, P. C.",NA,wos_core
274,26,challenges to nurses efforts of retrieving documenting and communicating patient care information,top 20,NA,NA,core,10.1136/amiajnl-2012-000894,2013,"Keenan, Gail, Yakel, Elizabeth, Dunn Lopez, Karen, Tschannen, Dana and Ford, Yvonne B.",22822042,wos_core
278,27,time and clerical burden posed by the current electronic health record for orthopaedic surgeons,NA,NA,NA,core,10.5435/jaaos-d-21-00094,2022,"Kesler, Kyle, Wynn, Malynda and Pugely, Andrew J.",NA,wos_core
283,129,the electronic elephant in the room physicians and the electronic health record,top 20,NA,NA,core,10.1093/jamiaopen/ooy016,2018,"Kroth, Philip J., Morioka-Douglas, Nancy, Veres, Sharry, Pollock, Katherine, Babbott, Stewart, Poplau, Sara, Corrigan, Katherine and Linzer, Mark",31093606,wos_core
287,1,clinical documentation in the 21st century executive summary of a policy position paper from the american college of physicians,top 20,NA,NA,core,https://doi.org/10.7326/M14-2128,2015,"Kuhn, Thomson, Basch, Peter, Barr, Michael and Yackel, Thomas",25581028,wos_core
292,87,cms billing guidelines and student documentation a new era or new burden,NA,NA,NA,core,10.1007/s11606-019-04853-7,2019,"Kumar, A. and Chi, J.",NA,wos_core
297,130,designing novel health icts to support work not generate it five principles,NA,NA,NA,core,NA,2017,"Lau, F.",NA,NA
301,28,the physician waiting game room documentation burdens mount for clinician leaders nationwide,NA,NA,NA,core,NA,2015,"Leventhal, Rajiv",NA,NA
305,29,how natural language processing is helping to revitalize physician documentation,NA,NA,NA,core,NA,2017,"Leventhal, Rajiv",NA,NA
309,88,reflections on the documentation burden reduction amia plenary session through the lens of 25 x 5,NA,NA,NA,core,10.1055/a-1976-2052,2023,"Levy, D. R., Sloss, E. A., Chartash, D., Corley, S. T., Mishuris, R. G., Rosenbloom, S. T. and Tiase, V. L.",NA,wos_core
314,89,automating clinical documentation with digital scribes understanding the impact on physicians,NA,NA,NA,core,10.1145/3411764.3445172,2021,"Li, B., Crampton, N., Yeates, T., Xia, Y., Tian, X. R., Truong, K. N. and Assoc Comp, Machinery",NA,wos_core
319,131,a shared governance approach to nursing documentation redesign using kotters change management model,NA,NA,NA,core,NA,2023,"Lindsay, Mary",NA,NA
323,30,implementing best practices to redesign workflow and optimize nursing documentation in the electronic health record,NA,NA,later work,core,10.1055/a-1868-6431,2022,"Lindsay, Mary R. and Lytle, Kay",35668677,wos_core
328,31,acute care surgeons spend more time than general surgeons on the electronic health record ehr,NA,NA,NA,core,10.1177/00031348211061102,2021,"Loszko, Abigail, Watson, Michael, Khan, Ahsan, Cunningham, Kyle, Thomas, Bradley, Ross, Samuel, Lauer, Cynthia, Sing, Ronald and Sachdev, Gaurav",NA,wos_core
333,90,the painful truth the documentation burden of a trauma surgeon discussion,NA,NA,NA,core,NA,2016,"Luchette, F. A., Reed, R. L., Hall, J., Guo, W. A., Aboutanos, M. and Golob, J. F.",NA,wos_core
337,91,observational analysis of documentation burden and data duplication in trauma patient pathways at a major trauma centre,NA,NA,NA,core,10.1136/bmjoq-2022-002084,2023,"Ludley, A., Ting, A., Malik, D. and Sivanadarajah, N.",NA,wos_core
342,32,clinical documentation and patient care using artificial intelligence in radiation oncology,NA,NA,NA,core,10.1016/j.jacr.2019.05.044,2019,"Luh, J. Y., Thompson, R. F. and Lin, S.",NA,wos_core
347,33,scoping review positive and negative impact of technology on clinicians,NA,NA,NA,core,10.1016/j.outlook.2023.101918,2023,"McBride, Susan, Alexander, Gregory L., Baernholdt, Marianne, Vugrin, Margaret and Epstein, Beth",NA,wos_core
352,92,impact of the current united states health care environment on practice a private practice viewpoint,NA,NA,NA,core,10.1016/j.hcl.2020.01.015,2020,"McClelland, W. B. and McCollam, S. M.",NA,wos_core
357,34,interdisciplinary optimization of admission documentation reducing the bloat,NA,NA,NA,core,10.1097/cin.0000000000000695,2021,"McIlreevy, John, Rylee, Tina L., Shields-Tettamanti, Tiffany and Gee, Perry M.",NA,wos_core
362,132,the burden of medical documentation the need for a simplifying strategy,NA,NA,NA,core,NA,2019,"McKenney, Kelly, Shanahan, Hunter, Dowd, Brianna and Elkbuli, Adel",NA,wos_core
366,35,factors that influence clinician experience with electronic health records,NA,NA,NA,core,NA,2022,"Mishra, Vimal, Liebovitz, David, Quinn, Michael, Le, Kang, Yackel, Thomas and Hoyt, Robert",NA,NA
370,36,using a new model of electronic health record training to reduce physician burnout a plan for action,NA,NA,NA,core,10.2196/29374,2021,"Mohan, V., Garrison, C. and Gold, J. A.",NA,wos_core
375,37,characterizing multitasking and workflow fragmentation in electronic health records among emergency department clinicians using timemotion data to understand documentation burden,NA,NA,NA,core,NA,2021,"Moy, Amanda J., Aaron, Lucy, Cato, Kenrick D., Schwartz, Jessica M., Elias, Jonathan, Trepp, Richard and Rossetti, Sarah Collins",NA,wos_core
379,111,using time series clustering to segment and infer emergency department nursing shifts from electronic health record log files,NA,NA,NA,core,NA,2022,"Moy, A. J., Cato, K. D., Withall, J., Kim, E. Y., Tatonetti, N. and Rossetti, S. C.",NA,NA
383,38,understanding the perceived role of electronic health records and workflow fragmentation on clinician documentation burden in emergency departments,NA,NA,NA,core,10.1093/jamia/ocad038,2023,"Moy, Amanda J., Hobensack, Mollie, Marshall, Kyle, Vawdrey, David K., Kim, Eugene Y., Cato, Kenrick D. and Rossetti, Sarah C.",NA,wos_core
388,39,measurement of clinical documentation burden among physicians and nurses using electronic health records a scoping review,top 20,NA,NA,core,10.1093/jamia/ocaa325,2021,"Moy, A. J., Schwartz, J. M., Chen, R., Sadri, S., Lucas, E., Cato, K. D. and Rossetti, S. C.",33434273,wos_core
393,112,measurement of clinical documentation burden among physicians and nurses using electronic health records a scoping review the impact of documentation burden on patient care and surgeon satisfaction challenges of developing a digital scribe to reduce clinical documentation burden the burden and burnout in documenting patient care an integrative literature review implementing best practices to redesign workflow and optimize nursing documentation in the electronic health record the painful truth the documentation burden of a trauma surgeon development and content validation of the burden of documentation for nurses and midwives burdonsam survey documentation burden in nursing and its role in clinician burnout syndrome observational analysis of documentation burden and data duplication in trauma patient pathways at a major trauma centre application of the iparihs framework in the implementation of speech recognition technology as a way of addressing documentation burden within a mental health context contribution of freetext comments to the burden of documentation assessment and analysis of vital sign comments in flowsheets review article potential of medical scribes to allay the burden of documentation and enhance efficiency in australian emergency departments 255 symposium to reduce documentation burden reportout and call for action notes 20 reducing documentation burden cms billing guidelines and student documentation a new era or new burden crisis documentation strategies to reduce burden of documentation during the pandemic texas pilot to generate consensus eliciting insights from chat logs of the 25x5 symposium to reduce documentation burden novel application of topic modeling documentation burden and cognitive burden how much is too much information documentation dynamics note composition burden and physician efficiency use of medical scribes to reduce documentation burden are they where we need to go with clinical documentation social determinants of health and afterhours electronic health record documentation a national survey of us physicians characterization of electronic health record documentation shortcuts does the use of dotphrases increase efficiency in the emergency department understanding the perceived role of electronic health records and workflow fragmentation on clinician documentation burden in emergency departments reflections on the documentation burden reduction amia plenary session through the lens of 255 its time to wikify clinical documentation how collaborative authorship can reduce the burden and improve the quality of the electronic health record documentation burden or blessing assessing the impact of patient access to clinical notes on clinician ehr documentation decreasing the nursing documentation burden during the covid19 surge timemotion examination of electronic health record utilization and clinician workflows indicate frequent task switching and documentation burden virtual scribe services decrease documentation burden without affecting patient satisfaction a randomized controlled trial quantifying and visualizing nursing flowsheet documentation burden in acute and critical care the effect of electronic health record burden on pediatricians worklife balance and career satisfaction medical documentation burden among us officebased physicians in 2019 a national study a qualitative study of provider burnout do medical scribes hinder or help nursing praxis for reducing documentation burden within nursing admission assessments an essential clinical dataset intervention for nursing documentation of a pediatric admission history database how the content of progress notes affects readers perceptions of their usefulness and the burden placed on writers improving interprofessional communication new billing rules for outpatient office visit codes chatgpt is not the solution to physicians documentation burden provenance in neuroimaging impact of data transparency scientific publications scoping review positive and negative impact of technology on clinicians the burden of documentation descriptive analysis of documentation time for the national developmentalbehavioral pediatric physician workforce using a commercial electronic health record system re review article potential of medical scribes to allay the burden of documentation and enhance efficiency in australian emergency departments national survey of pediatric care providers assessing time and impact of coding and documentation in physician practice clinician and health care leaders experiences withand perceptions ofcovid19 documentation reduction policies and practices identifying and adapting interventions to reduce documentation burden and improve nurses efficiency in using electronic health record systems the idea study protocol for a mixed methods study defining an essential clinical dataset for admission patient history to reduce nursing documentation burden innovation in the pediatric electronic health record to realize a more effective platform a framework for national collaboration to reduce documentation burden and design for usable and reusable data beforevisit questionnaire a tool to augment communication and decrease provider documentation burden in pediatric diabetes time spent on documenting quality indicator data and associations between the perceived burden of documenting these data and joy in work among professionals in intensive care units in the netherlands a multicentre crosssectional survey increasing nursing documentation efficiency with wearable sensors for pressure injury prevention time spent on dedicated patient care and documentation tasks before and after the introduction of a structured and standardized electronic health record a qualitative investigation into clinical documentation why do clinicians document the way they do electronic health record use in swiss nursing homes and its association with implicit rationing of nursing care documentation multicenter crosssectional survey study quantifying the electronic health record burden in head and neck cancer care the impact of medical scribes on emergency physician diagnostic testing and diagnosis charting the changing spirit of rural community nursing documentation burden trauma surgeons save livesscribes save trauma surgeons its time to change our documentation philosophy writing better neurology notes without the burnout characterizing multitasking and workflow fragmentation in electronic health records among emergency department clinicians using timemotion data to understand documentation burden the link between quality and accreditation of residency programs the surveyors perceptions factors that influence clinician experience with electronic health records documenting or operating where is time spent in general surgery residency optimizing patientreported outcome collection and documentation in medical music therapy processimprovement study early performance of the patients over paperwork initiative among family medicine physicians modifier 25 and the new 2021 em codes documentation of separate and distinct just got easier organizational factors affecting physician wellbeing impact of the current united states health care environment on practice a private practice viewpoint nursing documentation and its relationship with perceived nursing workload a mixedmethods study among community nurses machine learning methods for identifying critical data elements in nursing documentation performance measurement of nursing care state of the science and the current consensus association of medical scribes in primary care with physician workflow and patient experience artificial intelligence challenges and applications in intensive care medicine medical scribe impact on provider efficiency in outpatient radiation oncology clinics before and during the covid19 pandemic association between statelevel malpractice environment and clinician electronic health record ehr time neonatal resuscitation enbirth multicountry validation study effect of medical scribes on outpatient oncology visits at a multidisciplinary cancer center opennotes anticipatory guidance and ethical considerations for pediatric psychologists in interprofessional settings promoting quality facetoface communication during ophthalmology encounters in the electronic health record era the impact of covid19 on plastic surgery residency training supporting the capture of social needs through natural language processing a look through time historical analysis of obstetrics and gynecology texts highlights changes in medicine how do user participation and it selfefficacy influence user attitudes towards smart hospital technology exploring large community and clinicallygenerated datasets to understand resilience before and during the covid19 pandemic time differences in handwritten and computer documentation of nursing assessment thematic analysis of nurses experiences with the joint commissions medication management titration standards asynchronous speech recognition affects physician editing of notes implementing digital scribes to reduce electronic health record documentation burden among cancer care clinicians a mixedmethods pilot study clinical scribes and their association with patient experience in the otolaryngology clinic physician note composition patterns and time on the ehr across specialty types a national crosssectional study unintended adverse consequences of introducing electronic health records in residential aged care homes evaluating electronic health record limitations and time expenditure in a german medical center do medical scribes help primary care providers respond more quickly to outofvisit tasks natural language processingenabled and conventional data capture methods for input to electronic health records a comparative usability study commentary loss of relativity the physician fee schedule the neurosurgeon and the trojan horse meritbased incentive payment system participation and afterhours documentation among us officebased physicians findings from the 2021 national electronic health records survey evaluation of automated public deidentification tools on a corpus of radiology reports a retrospective analysis of nursing home to ed transfer correspondence length and ed length of stay characterization of electronic health record use outside scheduled clinic hours among primary care pediatricians retrospective descriptive task analysis of electronic health record access log data a qualitative study of the dark and bright sides of physicians electronic health record work outside work hours pediatric workplace learning opportunities for medical students is scribing a winwin how nurses identify hospitalized patients on their personal notes findings from analyzing brains headers with multiple raters frequent but fragmented use of note templates to document outpatient visits at an academic health center designing novel health icts to support work not generate it five principles seamless recording of glucometer measurements among older experienced diabetic patients  a study of perception and usability an interprofessional approach to clinical workflow evaluation focused on the electronic health record using time motion study methods characterizing styles of clinical note production and relationship to clinical work hours among firstyear residents were lost but we are making good time navigating complex pathways in a patientorder management task cardiologists workflow in small to mediumsized german hospitals an observational work analysis factors influencing turnover and attrition in the public behavioral health system workforce qualitative study beyond getting rid of stupid stuff in the electronic health record beyondgross protocol for a usercentered mixedmethod intervention to improve the electronic health record system using a new model of electronic health record training to reduce physician burnout a plan for action using time series clustering to segment and infer emergency department nursing shifts from electronic health record log files a systematic review of contributing factors of and solutions to electronic health recordrelated impacts on physician wellbeing promote community engagement in participatory research for improving breast cancer prevention the pink study framework immunization entry at the point of service improves quality saves time and is wellaccepted medical scribes provider and patient experience and patient throughput a trial in an academic general internal medicine practice improved medical student engagement with ehr documentation following the 2018 centers for medicare and medicaid billing changes cognitive stimulation in an intensive care unit a qualitative evaluation of barriers to and facilitators of implementation electronic health record functionality needed to better support primary care primary care physicians electronic health record proficiency and efficiency behaviors and time interacting with electronic health records a quantile regression analysis help us help you engaging emergency physicians to identify organizational strategies to reduce burnout developing crosssectoral quality assurance for cataract surgery in the statutory quality assurance program of the german health care system experiences and lessons learned the utility of a caseload registry perceptions of behavioral health clinicians working in an integrated primary care and mental health program using less keystrokes to achieve high top1 accuracy in chinese clinical text entry starting dialysis on time at home on the right therapy start description of an intervention to increase the safe and effective use of peritoneal dialysis home health nurses perspectives and care processes related to older persons with frailty and depression a mixed method pilot study putting complex older persons first how the centers for medicare and medicaid services 2019 payment proposal fails older americans implementing the awakening and breathing coordination delirium monitoringmanagement and early exercisemobility bundle into everyday care opportunities challenges and lessons learned for implementing the icu pain agitation and delirium guidelines,NA,NA,NA,core,10.1093/jamia/ocaa325 10.1503/cjs.013921 10.1038/s41746-019-0190-1 10.3233/SHTI190415 10.1055/a-1868-6431 10.1097/TA.0000000000000986 10.1111/jan.14320 10.1055/s-0042-1757157 10.1136/bmjoq-2022-002084 10.2196/22806 10.1111/1742-6723.12460 10.1055/s-0042-1,2021,"Moy, A. J., Schwartz, J. M., Chen, R., Sadri, S., Lucas, E., Cato, K. D., Rossetti, S. C., Ball, C. G., McBeth, P. B., Quiroz, J. C., Laranjo, L., Kocaballi, A. B., Berkovsky, S., Rezazadegan, D., Coiera, E., Gesner, E., Gazarian, P., Dykes, P., Lindsay, M. R., Lytle, K., Golob, J. F., Jr., Como, J. J., Claridge, J. A., Brown, J. A., Cooper, A. L., Albrecht, M. A., Gesner, E., Dykes, P. C., Zhang, L., Gazarian, P., Ludley, A., Ting, A., Malik, D., Sivanadarajah, N., Lo, B., Almilaji, K., Jankowicz, D., Sequeira, L., Strudwick, G., Tajirian, T., Yin, Z., Liu, Y., McCoy, A. B., Malin, B. A., Sengstack, P. R., Cabilan, C. J., Eley, R. M., Hobensack, M., Levy, D. R., Cato, K., Detmer, D. E., Johnson, K. B., Williamson, J., Murphy, J., Moy, A., Withall, J., Lee, R., Rossetti, S. C., Rosenbloom, S. T., Kaizuka, S., Maguire, J., Sridhar, S. Mbbs, Devine, M. Do, Nicandri, G., Fogarty Ct Md, Msc Faafp, Kumar, A., Chi, J., McBride, S., Hoelscher, S. H., Bumpus, S., Mitchell, M. B., Tietze, M., Moy, A. J., Withall, J., Hobensack, M., Yeji Lee, R., Levy, D. R., Rossetti, S. C., Rosenbloom, S. T., Johnson, K., Cato, K., Padden, J., Apathy, N. C., Rotenstein, L., Bates, D. W., Holmgren, A. J., Bates, D. W., Landman, A. B., Hong, Y. R., Turner, K., Nguyen, O. T., Alishahi Tabriz, A., Revere, L., Perotte, R., Hajicharalambous, C., Sugalski, G., Underwood, J. P., Moy, A. J., Hobensack, M., Marshall, K., Vawdrey, D. K., Kim, E. Y., Cato, K. D., Rossetti, S. C., Levy, D. R., Sloss, E. A., Chartash, D., Corley, S. T., Mishuris, R. G., Rosenbloom, S. T., Tiase, V. L., Warner, J. L., Smith, J., Wright, A., Gutheil, T. G., Holmgren, A. J., Apathy, N. C., Holub, M., Giegerich, C. A., Moy, A. J., Schwartz, J. M., Elias, J., Imran, S., Lucas, E., Cato, K. D., Rossetti, S. C., Benko, S., Idarraga, A. J., Bohl, D. D., Hamid, K. S., Collins, S., Couture, B., Kang, M. J., Dykes, P., Schnock, K., Knaplund, C., Chang, F., Cato, K., Frintner, M. P., Kaelber, D. C., Kirkendall, E. S., Lourie, E. M., Somberg, C. A., Lehmann, C. U., Gaffney, A., Woolhandler, S., Cai, C., Bor, D., Himmelstein, J., McCormick, D., Himmelstein, D. U., Corby, S., Ash, J. S., Mohan, V., Becton, J., Solberg, N., Bergstrom, R., Orwoll, B., Hoekstra, C., Gold, J. A., Phillips, T., Baur, K., Horn, J. J., Doucette, J. N., Sweeney, N. L., Kagawa, R., Tsurushima, H., Peters, S. G., Preiksaitis, C., Sinsky, C. A., Rose, C., Mackenzie-Graham, A. J., Van Horn, J. D., Woods, R. P., Crawford, K. L., Toga, A. W., Joshi, M., Bhardwaj, P., McBride, S., Alexander, G. L., Baernholdt, M., Vugrin, M., Epstein, B., Schuster, D. B., Patel, R., Yang, Y., Lin, F. C., Shumaker, A., Nash, P., Newmeyer, A., Baum, R., Hoffman, J., Walker, K., Ben-Meir, M., Arora, A., Garg, A., Arora, V., Rizvi, M., Desai, N., Moy, A. J., Schwartz, J. M., Withall, J., Lucas, E., Cato, K. D., Rosenbloom, S. T., Johnson, K., Murphy, J., Detmer, D. E., Rossetti, S. C., Strudwick, G., Jeffs, L., Kemp, J., Sequeira, L., Lo, B., Shen, N., Paterson, P., Coombe, N., Yang, L., Ronald, K., Wang, W., Pagliaroli, S., Tajirian, T., Ling, S., Jankowicz, D., Sutton, D. E., Fogel, J. R., Giard, A. S., Gulker, L. A., Ivory, C. H., Rosa, A. M., Jenssen, B. P., Thayer, J., Nekrasova, E., Grundmeier, R. W., Fiks, A. G., Englebright, J., Michel, S., Boyd, D. L., Hulett, S. L., Kumah-Crystal, Y. A., Stein, P. M., Chen, Q., Lehmann, C. U., Novak, L. L., Roth, S., Rosenbloom, S. T., Hesselink, G., Verhage, R., Hoiting, O., Verweij, E., Janssen, I., Westerhof, B., Ambaum, G., van der Horst, I. C. C., de Jong, P., Postma, N., van der Hoeven, J. G., Zegers, M., Rose, A., Cooley, A., Yap, T. L., Alderden, J., Sabol, V. K., Lin, J. A., Brooks, K., Kennerly, S. M., Joukes, E., Abu-Hanna, A., Cornet, R., de Keizer, N. F., Rowlands, S., Tariq, A., Coverdale, S., Walker, S., Wood, M., Ausserhofer, D., Favez, L., Simon, M., Zúñiga, F., Ebbers, T., Kool, R. B., Smeele, L. E., Takes, R. P., van den Broek, G. B., Dirven, R., Todd, B. R., Nelson, L. N., Congdon, J. G., Magilvy, J. K., Golob, J. F., Jr., Como, J. J., Claridge, J. A., Rodríguez-Fernández, J. M., Loeb, J. A., Hier, D. B., Moy, A. J., Aaron, L., Cato, K. D., Schwartz, J. M., Elias, J., Trepp, R., Rossetti, S. C., Dos Santos, R. A., Snell, L., Tenorio Nunes, M. D., Mishra, V., Liebovitz, D., Quinn, M., Kang, L., Yackel, T., Hoyt, R., Cox, M. L., Farjat, A. E., Risoli, T. J., Peskoe, S., Goldstein, B. A., Turner, D. A., Migaly, J., Rodgers-Melnick, S. N., Block, S., Rivard, R. L., Dusek, J. A., Nguyen, O. T., Hanna, K., Merlo, L. J., Parekh, A., Tabriz, A. A., Hong, Y. R., Feldman, S. S., Turner, K., Rogers, H. W., Tawfik, D. S., Profit, J., Webber, S., Shanafelt, T. D., McClelland, W. B., Jr., McCollam, S. M., De Groot, K., De Veer, A. J. E., Munster, A. M., Francke, A. L., Paans, W., Bose, E., Maganti, S., Bowles, K. H., Brueshoff, B. L., Monsen, K. A., Needleman, J., Kurtzman, E. T., Kizer, K. W., Mishra, P., Kiang, J. C., Grant, R. W., Martin, L., Peine, A., Gronholz, M., Marx, G., Bickenbach, J., Devine, M., Wang, E., von Eyben, R., Bagshaw, H. P., Holmgren, A. J., Rotenstein, L., Downing, N. L., Bates, D. W., Schulman, K., Kc, A., Peven, K., Ameen, S., Msemo, G., Basnet, O., Ruysen, H., Zaman, S. B., Mkony, M., Sunny, A. K., Rahman, Q. S., Shabani, J., Bastola, R. C., Assenga, E., Kc, N. P., El Arifeen, S., Kija, E., Malla, H., Kong, S., Singhal, N., Niermeyer, S., Lincetto, O., Day, L. T., Lawn, J. E., and, E. N. Birth Study Group, Gao, R. W., Dugala, A., Maxwell, J., Falconer, P., Birkeland, A. C., Divi, V., Rosenthal, E. L., Fogler, J. M., Ratliff-Schaub, K., McGuinn, L., Crutchfield, P., Schwartz, J., Soares, N., Baxter, S. L., Gali, H. E., Chiang, M. F., Hribar, M. R., Ohno-Machado, L., El-Kareh, R., Huang, A. E., Chen, H. E., Camp, A. S., Kikkawa, D. O., Korn, B. S., Lee, J. E., Longhurst, C. A., Millen, M., Zingaretti, N., Contessi Negrini, F., Tel, A., Tresoldi, M. M., Bresadola, V., Parodi, P. C., Frey, L. J., Hughes Halbert, C., Blasy, C. D., Roeckner, J. T., Peebles, A. B., Kröner, S., Hassmann, J., Esdar, M., Maischak, J., Hübner, U., Monsen, K. A., Austin, R. R., Goparaju, B., Clarence Jones, R., Mathiason, M. A., Pirsch, A., Eder, M., Minda, S., Brundage, D. J., Davidson, J. E., Chechel, L., Chavez, J., Olff, C., Rincon, T., Lybarger, K. J., Ostendorf, M., Riskin, E., Payne, T. H., White, A. A., Yetisgen, M., Nguyen, O. T., Turner, K., Charles, D., Sprow, O., Perkins, R., Hong, Y. R., Islam, J. Y., Khanna, N., Alishahi Tabriz, A., Hallanger-Johnson, J., Bickel Young, J., Moore, C. E., Rohlfing, M. L., Keefe, K. R., Komshian, S. R., Valentine, A. D., Noordzij, J. P., Levi, J. R., Brook, C. D., Rotenstein, L. S., Apathy, N., Holmgren, A. J., Bates, D. W., Yu, P., Zhang, Y., Gong, Y., Zhang, J., de Hoop, T., Neumuth, T., Zallman, L., Altman, W., Chu, L., Touw, S., Rajagopal, K., Dolat, S., Sayah, A., Kaufman, D. R., Sheehan, B., Stetson, P., Bhatt, A. R., Field, A. I., Patel, C., Maisel, J. M., Tumialán, L. M., Veeravagu, A., Ratliff, J. K., Nguyen, O. T., Turner, K., Parekh, A., Alishahi Tabriz, A., Hanna, K., Merlo, L. J., Hong, Y. R., Steinkamp, J. M., Pomeranz, T., Adleberg, J., Kahn, C. E., Jr., Cook, T. S., Long, S. E., Marks, S. J., Gettel, C. J., Goldberg, E. M., Attipoe, S., Hoffman, J., Rust, S., Huang, Y., Barnard, J. A., Schweikhart, S., Hefner, J. L., Walker, D. M., Linwood, S., Attipoe, S., Walker, D. M., Schweikhart, S. B., Hefner, J. L., Bachrach, L., Fadadu, R. P., Sharp, M., Irby, D. M., Sarkhel, R., Socha, J. J., Mount-Campbell, A., Moffatt-Bruce, S., Fernandez, S., Patel, K., Nandi, A., Patterson, E. S., Rule, A., Hribar, M. R., Peddie, D., Small, S., Wickham, M., Bailey, C., Hohl, C., Balka, E., Rasche, P., Mertens, A., Miron-Shatz, T., Berzon, C., Schlick, C. M., Jahn, M., Becker, S., Schwartz, J., Elias, J., Slater, C., Cato, K., Rossetti, S. C., Gong, J. J., Soleimani, H., Murray, S. G., Adler-Milstein, J., Duncan, B. J., Kassis, A. N., Kaufman, D. R., Grando, A., Poterack, K. A., Helmers, R. A., Miksch, T. K., Zheng, L., Doebbeling, B. N., Mache, S., Busch, D., Vitzthum, K., Kusma, B., Klapp, B. F., Groneberg, D. A., Hallett, E., Simeon, E., Amba, V., Howington, D., McConnell, K. J., Zhu, J. M., Otokiti, A. U., Craven, C. K., Shetreat-Klein, A., Cohen, S., Darrow, B., Mohan, V., Garrison, C., Gold, J. A., Moy, A. J., Cato, K. D., Withall, J., Kim, E. Y., Tatonetti, N., Rossetti, S. C., Nguyen, O. T., Jenkins, N. J., Khanna, N., Shah, S., Gartland, A. J., Turner, K., Merlo, L. J., Franchini, M., Pieroni, S., Denoth, F., Scalese Urciuoli, M., Colasante, E., Salvatori, M., Anastasi, G., Frontignano, C. K., Dogliotti, E., Vidali, S., Montrucchio, E., Molinaro, S., Susini, T., Nori Cucchiari, J., Adams, W. G., Conners, W. P., Mann, A. M., Palfrey, S., Heckman, J., Mukamal, K. J., Christensen, A., Reynolds, E. E., Stevens, L. A., Pageler, N. M., Hahn, J. S., Parker, A. M., Aldabain, L., Akhlaghi, N., Glover, M., Yost, S., Velaetis, M., Lavezza, A., Mantheiy, E., Albert, K., Needham, D. M., Krist, A. H., Beasley, J. W., Crosson, J. C., Kibbe, D. C., Klinkman, M. S., Lehmann, C. U., Fox, C. H., Mitchell, J. M., Mold, J. W., Pace, W. D., Peterson, K. A., Phillips, R. L., Post, R., Puro, J., Raddock, M., Simkus, R., Waldren, S. E., Nguyen, O. T., Turner, K., Apathy, N. C., Magoc, T., Hanna, K., Merlo, L. J., Harle, C. A., Thompson, L. A., Berner, E. S., Feldman, S. S., Baugh, J. J., Raja, A. S., Takayesu, J. K., Bramesfeld, A., Pauletzki, J., Behrenz, L., Szecsenyi, J., Willms, G., Broge, B., Eckstrom, J., Williams, D., Avery, M., Unützer, J., Li, T., Yu, L., Zhou, L., Wang, P., Quinn, R. R., Mohamed, F., Pauly, R., Schwartz, T., Scott-Douglas, N., Morrin, L., Kozinski, A., Manns, B. J., Klarenbach, S., Clarke, A., Fox, D. E., Oliver, M. J., Wang, J., Simmons, S. F., Maxwell, C. A., Schlundt, D. G., Mion, L. C., Lundebjerg, N. E., Jacobs, L. G., Trucil, D. E., Goldstein, A. C., Saliba, D., Balas, M. C., Burke, W. J., Gannon, D., Cohen, M. Z., Colburn, L., Bevil, C., Franz, D., Olsen, K. M., Ely, E. W., Vasilevskis, E. E., Henrich, N., Tsao, N., Gastonguay, L., Lynd, L., Marra, C. A., Taylor, S. L., Giannitrapani, K., Ackland, P. E., Holliday, J., Reddy, K. P., Drake, D. F., Federman, D. G., Kligler, B., Kühnel, T., Wolf, S., Davis, N. L., Myers, L., Myers, Z. E., Hudson, T., Robeznieks, A., Weller, D., Lash, A. A. and Munroe, D. J.",NA,NA
398,40,timemotion examination of electronic health record utilization and clinician workflows indicate frequent task switching and documentation burden,NA,NA,NA,core,NA,2020,"Moy, Amanda J., Schwartz, Jessica M., Elias, Jonathan, Imran, Seemab, Lucas, Eugene, Cato, Kenrick D. and Rossetti, Sarah Collins",NA,NA
402,41,clinician and health care leaders experiences withand perceptions ofcovid19 documentation reduction policies and practices,NA,NA,later work,core,10.1055/s-0041-1739518,2021,"Moy, Amanda J., Schwartz, Jessica M., Withall, Jennifer, Lucas, Eugene, Cato, Kenrick D., Rosenbloom, S. Trent, Johnson, Kevin, Murphy, Judy, Detmer, Don E. and Rossetti, Sarah Collins",34820789,wos_core
407,93,eliciting insights from chat logs of the 25x5 symposium to reduce documentation burden novel application of topic modeling,NA,NA,NA,core,10.2196/45645,2023,"Moy, A. J., Withall, J., Hobensack, M., Lee, R. Y., Levy, D. R., Rossetti, S. C., Rosenbloom, S. T., Johnson, K. and Cato, K.",NA,wos_core
412,94,structural barriers to highquality home healthcare nursing what home health nurses want medicare policy makers and agency administrators to know,NA,NA,NA,core,10.1177/10848223231180590,2023,"Narayan, M. C.",NA,wos_core
417,95,early performance of the patients over paperwork initiative among family medicine physicians,NA,NA,NA,core,10.14423/SMJ.0000000000001526,2023,"Nguyen, O. T., Hanna, K., Merlo, L. J., Parekh, A., Tabriz, A. A., Hong, Y. R., Feldman, S. S. and Turner, K.",NA,wos_core
422,42,a systematic review of contributing factors of and solutions to electronic health recordrelated impacts on physician wellbeing,top 20,NA,NA,core,10.1093/jamia/ocaa339,2021,"Nguyen, Oliver T., Jenkins, Nyasia J., Khanna, Neel, Shah, Shivani, Gartland, Alexander J., Turner, Kea and Merlo, Lisa J.",33517382,wos_core
427,133,factors associated with nurse wellbeing in relation to electronic health record use a systematic review,NA,NA,NA,core,NA,2021,"Nguyen, Oliver T., Shah, Shivani, Gartland, Alexander J., Parekh, Arpan, Turner, Kea, Feldman, Sue S. and Merlo, Lisa J.",NA,wos_core
431,113,implementing digital scribes to reduce electronic health record documentation burden among cancer care clinicians a mixedmethods pilot study,NA,NA,NA,core,10.1200/cci.22.00166,2023,"Nguyen, O. T., Turner, K., Charles, D., Sprow, O., Perkins, R., Hong, Y. R., Islam, J. Y., Khanna, N., Alishahi Tabriz, A., Hallanger-Johnson, J., Bickel Young, J. and Moore, C. E.",NA,NA
436,43,meritbased incentive payment system participation and afterhours documentation among us officebased physicians findings from the 2021 national electronic health records survey,NA,NA,later work,core,10.1111/jep.13796,2023,"Nguyen, Oliver T., Turner, Kea, Parekh, Arpan, Alishahi Tabriz, Amir, Hanna, Karim, Merlo, Lisa J. and Hong, Young‐Rock",36416004,wos_core
441,44,essential task or meaningless burden nurses perceptions of the value of documentation,NA,NA,NA,core,NA,2019,"Olivares Bøgeskov, Benjamín and Grimshaw-Aagaard, Søsserr Lone Smilla",NA,NA
445,134,burnout and documentation burden among urology residents and attendings at the university of rochester,NA,NA,NA,core,NA,2021,"Osinski, Thomas, Warren, Gareth, Messing, Edward and O'Brien, Jeanne",NA,wos_core
449,45,beyond getting rid of stupid stuff in the electronic health record beyondgross protocol for a usercentered mixedmethod intervention to improve the electronic health record system,NA,NA,NA,core,NA,2021,"Otokiti, Ahmed Umar, Craven, Catherine K., Shetreat-Klein, Avniel, Cohen, Stacey and Darrow, Bruce",NA,wos_core
453,96,descriptive analysis of documentation time for the national developmentalbehavioral pediatric physician workforce using a commercial electronic health record system,NA,NA,NA,core,10.1097/DBP.0000000000001185,2023,"Patel, R., Yang, Y. M., Lin, F. C., Shumaker, A., Nash, P., Newmeyer, A., Baum, R. and Hoffman, J.",NA,wos_core
458,70,report of the amia ehr2020 task force on the status and future direction of ehrs,top 20,NA,NA,core,10.1093/jamia/ocv066,2015,"Payne, T. H., Corley, S., Cullen, T. A., Gandhi, T. K., Harrington, L., Kuperman, G. J., Mattison, J. E., McCallie, D. P., McDonald, C. J., Tang, P. C., Tierney, W. M., Weaver, C., Weir, C. R., Zaroukian, M. H. and Assoc, J. Am Med Inform",26024883,wos_core
461,97,designing novel health icts to support work not generate it five principles,NA,NA,NA,core,10.3233/978-1-61499-742-9-262,2017,"Peddie, D., Small, S., Wickham, M., Bailey, C., Hohl, C. and Balka, E.",NA,NA
466,46,characterization of electronic health record documentation shortcuts does the use of dotphrases increase efficiency in the emergency department,NA,NA,NA,core,NA,2021,"Perotte, Rimma, Hajicharalambous, Christina, Sugalski, Gregory and Underwood, Joseph P.",NA,NA
470,98,new billing rules for outpatient office visit codes,NA,NA,NA,core,10.1016/j.chest.2020.01.028,2020,"Peters, S. G.",NA,wos_core
475,99,nursing praxis for reducing documentation burden within nursing admission assessments,NA,NA,NA,core,10.1097/CIN.0000000000000776,2021,"Phillips, T. and Baur, K.",NA,wos_core
480,100,crowdsourcing electronic health record improvements at scale across an integrated health care delivery system,NA,NA,NA,core,10.1055/s-0043-1767684,2023,"Rajamani, G., Diethelm, M., Gunderson, M. A., Talluri, V. S. M., Motz, P., Steinhaus, J. M., LaFlamme, A. E., Jarabek, B., Christiaansen, T., Blade, J. T., Badlani, S. and Melton, G. B.",NA,wos_core
485,148,new year new codes,NA,NA,NA,core,NA,2023,"Ramsey, Kara Wong and Duncan, Scott D.",NA,NA
489,101,seamless recording of glucometer measurements among older experienced diabetic patients  a study of perception and usability,NA,NA,NA,core,10.1371/journal.pone.0197455,2018,"Rasche, P., Mertens, A., Miron-Shatz, T., Berzon, C., Schlick, C. M., Jahn, M. and Becker, S.",NA,wos_core
494,47,how the content of progress notes affects readers perceptions of their usefulness and the burden placed on writers improving interprofessional communication18th world congress of medical and health informatics medinfo 2021  one world one health  global partnership for digital innovation 24 october 2021,NA,NA,NA,core,10.3233/SHTI220054,2022,"Rina, Kagawa and Hideo, Tsurushima",NA,NA
499,114,its time to change our documentation philosophy writing better neurology notes without the burnout,NA,NA,NA,core,10.3389/fdgth.2022.1063141,2022,"Rodríguez-Fernández, J. M., Loeb, J. A. and Hier, D. B.",NA,wos_core
504,48,increasing nursing documentation efficiency with wearable sensors for pressure injury prevention,NA,NA,NA,core,10.4037/ccn2022116,2022,"Rose, Angelia, Cooley, Annemari, Yap, Tracey L., Alderden, Jenny, Sabol, Valerie K., Lin, Jiunn-Ru, Brooks, Katie and Kennerly, Susan M.",NA,wos_core
509,49,patients over paperwork electronic health record usability a nursing perception,NA,NA,NA,core,NA,2020,"Ross, Angie",NA,NA
513,135,report from the 25 by 5 symposium series to reduce documentation burden on us clinicians by 75 by 2025,NA,NA,NA,core,NA,NA,"Rossetti, Sarah Collins, Rosenbloom, Famia S. Trent, Detmer, Don, Kevin Johnson, M. D., Cato, Kenrick, Cohen, Dasha, Williamson, Jeff, Murphy, Judy, Moy, Amanda and Jessica Schwartz, B. S. N.",NA,NA
516,102,physician note composition patterns and time on the ehr across specialty types a national crosssectional study,NA,NA,NA,core,10.1007/s11606-022-07834-5,2023,"Rotenstein, L. S., Apathy, N., Holmgren, A. J. and Bates, D. W.",NA,wos_core
521,50,a qualitative investigation into clinical documentation why do clinicians document the way they do,NA,NA,NA,core,NA,2022,"Rowlands, Stella, Tariq, Amina, Coverdale, Steven, Walker, Sue and Wood, Maryann",NA,wos_core
525,103,frequent but fragmented use of note templates to document outpatient visits at an academic health center,NA,NA,NA,core,10.1093/jamia/ocab230,2021,"Rule, A. and Hribar, M. R.",NA,wos_core
530,136,using event logs to observe interactions with electronic health records an updated scoping review shows increasing use of vendorderived measures,NA,NA,NA,core,NA,2023,"Rule, Adam, Melnick, Edward R. and Apathy, Nate C.",NA,wos_core
534,51,a community hospitals approach to alleviate documentation burden,NA,NA,NA,core,NA,2020,"Russell, Cynthia K., Floyd, Claire T., Ledwell, Lisa and Morgan, Sarah",NA,NA
538,137,fostering patient safety importance of nursing documentation,NA,NA,NA,core,NA,2023,"Samani, Shamsa and Rattani, Salma Amin",NA,NA
542,138,perceptions of health providers towards the use of standardised trauma form in managing trauma patients a qualitative study from tanzania,NA,NA,NA,core,NA,2020,"Sawe, Hendry R., Sirili, Nathanael, Weber, Ellen, Coats, Timothy J., Reynolds, Teri A. and Wallis, Lee A.",NA,wos_core
546,153,towards an automated soap note classifying utterances from medical conversations,NA,NA,NA,core,NA,2020,"Schloss, B. and Konam, S.",NA,NA
550,149,standardized care plans for heart failure and chronic obstructive pulmonary disease in community care,NA,NA,NA,core,NA,2019,"Schumacher, Connie, Dash, Darly, Correia, Rebecca H., Reid, Lisa and Chesne, Carol",NA,NA
554,52,an interprofessional approach to clinical workflow evaluation focused on the electronic health record using time motion study methods,NA,NA,later work,core,NA,2019,"Schwartz, Jessica, Elias, Jonathan, Slater, Cody, Cato, Kenrick and Rossetti, Sarah Collins",32308916,NA
558,53,sharing clinical notes and electronic health records with people affected by mental health conditions scoping review,top 20,NA,NA,core,10.2196/34170,2021,"Schwarz, Julian, Barkas, Annika, Blease, Charlotte, Collins, Lorna, Hagglund, Maria, Markham, Sarah and Hochwarter, Stefan",34904956,wos_core
563,139,sini 2019 can we stop the perpetual growth and complexity of the ehr and give nurses time back with their patients,NA,NA,NA,core,NA,2019,"Sengstack, Patricia",NA,NA
567,140,the six domains of burden a conceptual framework to address the burden of documentation in the electronic health record,NA,NA,NA,core,NA,2020,"Sengstack, Patricia P., Adrian, Bonnie, David, R., Boyd, L., Davis, A. and Hook, M.",NA,NA
571,54,effects of medical scribes on patients physicians and safety a scoping review,NA,NA,NA,core,10.34105/j.kmel.2021.13.030,2021,"Shah, L. M., Borycki, E. M., Shah, J. A. and Kushniruk, A. W.",NA,wos_core
576,141,electronic health record optimization and clinician wellbeing a potential roadmap toward action,NA,NA,NA,core,NA,2020,"Shah, Tina, Kitts, Andrea Borondy, Gold, Jeffrey A., Horvath, Keith, Ommaya, Alex, Frank, Opelka, Sato, Luke, Schwarze, Gretchen, Upton, Mark and Sandy, Lew",NA,NA
580,55,practice and policy reset postcovid19 reversion transition or transformation commentary examines possible policy and practice changes for health professionals regulators and payers after the covid19 pandemic,NA,NA,NA,core,NA,2020,"Sinsky, Christine and Linzer, Mark",NA,NA
584,71,practice and policy reset postcovid19 reversion transition or transformation,top 20,NA,NA,core,10.1377/hlthaff.2020.00612,2020,"Sinsky, Christine and Linzer, Mark",32744939,wos_core
589,142,a retrospective look at the predictions and recommendations from the 2009 amia policy meeting did we see ehrrelated clinician burnout coming,NA,NA,NA,core,NA,2021,"Starren, Justin B., Tierney, William M., Williams, Marc S., Tang, Paul, Weir, Charlene, Koppel, Ross, Payne, Philip, Hripcsak, George and Detmer, Don E.",NA,wos_core
593,56,identifying and adapting interventions to reduce documentation burden and improve nurses efficiency in using electronic health record systems the idea study protocol for a mixed methods study,NA,NA,NA,core,10.1186/s12912-022-00989-w,2022,"Strudwick, Gillian, Jeffs, Lianne, Kemp, Jessica, Sequeira, Lydia, Lo, Brian, Shen, Nelson, Paterson, Petroiya, Coombe, Noelle, Yang, Lily, Ronald, Kara, Wang, Wei, Pagliaroli, Sonia, Tajirian, Tania, Ling, Sara and Jankowicz, Damian",NA,wos_core
598,57,defining an essential clinical dataset for admission patient history to reduce nursing documentation burden,NA,NA,NA,core,10.1055/s-0040-1713634,2020,"Sutton, Darinda E., Fogel, Jennifer R., Giard, April S., Gulker, Lisa A., Ivory, Catherine H. and Rosa, Amy M.",NA,NA
603,143,an evaluation of nursing admission assessment documentation to identify opportunities for burden reduction,NA,NA,NA,core,NA,2020,"Swietlik, Marguerite and Sengstack, Patricia P.",NA,NA
607,115,organizational factors affecting physician wellbeing,top 20,NA,NA,core,10.1007/s40746-019-00147-6,2019,"Tawfik, D. S., Profit, J., Webber, S. and Shanafelt, T. D.",31632895,NA
612,58,the burden of the digital environment a systematic review on organizationdirected workplace interventions to mitigate physician burnout,top 20,NA,NA,core,10.1093/jamia/ocaa301,2021,"Thomas Craig, K. J., Willis, V. C., Gruen, D., Rhee, K. and Jackson, G. P.",33463680,wos_core
617,72,nurse informaticians report low satisfaction and multilevel concerns with electronic health records results from an international survey,top 20,NA,NA,core,NA,2016,"Topaz, M., Ronquillo, C., Peltonen, L. M., Pruinelli, L., Sarmiento, R. F., Badger, M. K., Ali, S., Lewis, A., Georgsson, M., Jeon, E., Tayaben, J. L., Kuo, C. H., Islam, T., Sommer, J., Jung, H., Eler, G. J., Alhuwail, D., Lee, Y. L. and Amia Annu Symp, Proc",28269961,NA
620,59,how does medical scribes work inform development of speechbased clinical documentation technologies a systematic review,NA,NA,later work,core,10.1093/jamia/ocaa020,2020,"Tran, B. D., Chen, Y., Liu, S. and Zheng, K.",32181812,wos_core
625,144,the digital scribe in clinical practice a scoping review and research agenda,NA,NA,NA,core,NA,2021,"van Buchem, Marieke M., Boosman, Hileen, Bauer, Martijn P., Kant, Ilse M. J., Cammel, Simone A. and Steyerberg, Ewout W.",NA,wos_core
629,60,minimally invasive research use of the electronic health record to facilitate research in pediatric urology,NA,NA,NA,core,10.1016/j.jpurol.2018.04.033,2018,"Vemulakonda, Vijaya M., Bush, Ruth A. and Kahn, Michael G.",NA,wos_core
634,63,natural language processing practical applications in medicine and investigation of contextual autocomplete,NA,NA,NA,core,10.1007/978-3-030-85292-4_24,2022,"Voytovich, L. and Greenberg, C.",NA,NA
639,150,a guide to relieving administrative burden essential innovations for documentation burden,NA,NA,NA,core,NA,2023,"Waldren, Steven and Billings, Edmund",NA,NA
643,61,its time to wikify clinical documentation how collaborative authorship can reduce the burden and improve the quality of the electronic health record,NA,NA,NA,core,10.1097/acm.0000000000002613,2019,"Warner, Jeremy L., Smith, Jeffery and Wright, Adam",NA,wos_core
648,64,big data capturing nurse impact,NA,NA,NA,core,NA,2018,"Westra, Bonnie",NA,NA
652,62,advancing physician wellness engagement and excellence in a mental health setting a canadian perspective,NA,NA,NA,core,10.1093/heapro/daab061,2022,"Wilkie, Treena, Tajirian, Tania and Stergiopoulos, Vicky",NA,wos_core
657,145,sini 2019 documentation burden an introduction,NA,NA,NA,core,NA,2019,"Wilson, Marisa",NA,NA
661,146,a scoping review of health information technology in clinician burnout,NA,NA,NA,core,NA,2021,"Wu, Danny T. Y., Xu, Catherine, Kim, Abraham, Bindhu, Shwetha, Mah, Kenneth E. and Eckman, Mark H.",NA,wos_core
665,65,the analyzation of change in documentation due to the introduction of electronic patient records in hospitalsa systematic review,NA,NA,NA,core,10.1007/s10916-022-01840-0,2022,"Wurster, F., Fütterer, G., Beckmann, M., Dittmer, K., Jaschke, J., Köberlein-Neu, J., Okumu, M. R., Rusniok, C., Pfaff, H. and Karbach, U.",NA,wos_core
670,104,contribution of freetext comments to the burden of documentation assessment and analysis of vital sign comments in flowsheets,NA,NA,NA,core,10.2196/22806,2021,"Yin, Z. J., Liu, Y. T., McCoy, A. B., Malin, B. A. and Sengstack, P. R.",NA,wos_core
675,105,unintended adverse consequences of introducing electronic health records in residential aged care homes,top 20,NA,NA,core,10.1016/j.ijmedinf.2013.05.008,2013,"Yu, P., Zhang, Y. T., Gong, Y. and Zhang, J. J.",23770027,wos_core
680,66,give back time a rapid nurse efficiency project to reduce admission documentation burden,NA,NA,NA,core,NA,2022,"Zebehazy, Stephanie, Akey, Kelley, Bates, Helen, Brzozowski Ewald, Margaret and Roth, Karen",NA,NA
684,67,the use of medical scribes in primary care settings a literature synthesis,NA,NA,NA,core,10.1097/mlr.0000000000001605,2021,"Ziemann, Margaret, Erikson, Clese and Krips, Maddie",NA,wos_core
NA,NA,preferred reporting items for systematic reviews and metaanalyses the prisma statement,NA,earlier work,NA,NA,NA,2009,"David Moher,David Moher,Alessandro Liberati,Jennifer Tetzlaff,Douglas G. Altman",21603045,NA
NA,NA,allocation of physician time in ambulatory practice a time and motion study in 4 specialties,NA,earlier work,NA,NA,10.7326/m16-0961,2016,"Christine A. Sinsky,Lacey Colligan,Lacey Colligan,Ling Li,Mirela Prgomet,Sam Reynolds,Lindsey E. Goeders,Johanna I. Westbrook,Michael A. Tutty,George T. Blike",27595430,NA
NA,NA,electronic medical records and physician stress in primary care results from the memo study,NA,earlier work,NA,NA,10.1136/amiajnl-2013-001875,2014,"Stewart F. Babbott,Linda Baier Manwell,Roger Brown,Roger L. Brown,Enid Montague,Eric S. Williams,Mark D. Schwartz,Erik P. Hess,Mark Linzer",24005796,NA
NA,NA,relationship between clerical burden and characteristics of the electronic environment with physician burnout and professional satisfaction,NA,earlier work,NA,NA,10.1016/j.mayocp.2016.05.007,2016,"Tait D. Shanafelt,Lotte N. Dyrbye,Liselotte N. Dyrbye,Christine A. Sinsky,Omar Hasan,Daniel Satele,Jeff A Sloan,Colin Patrick West",27313121,NA
NA,NA,physician burnout in the electronic health record era are we ignoring the real cause,NA,earlier work,NA,NA,10.7326/m18-0139,2018,"N. Lance Downing,David W. Bates,Christopher A. Longhurst",29801050,NA
NA,NA,the impact of electronic health records on time efficiency of physicians and nurses a systematic review,NA,earlier work,NA,NA,10.1197/jamia.m1700,2005,"Lise Poissant,Jennifer Pereira,Robyn Tamblyn,Yuko Kawasumi",15905487,NA
NA,NA,addressing physician burnout the way forward,NA,earlier work,NA,NA,10.1001/jama.2017.0076,2017,"Tait D. Shanafelt,Liselotte (Lotte) Dyrbye,Liselotte N. Dyrbye,Colin Patrick West",28196201,NA
NA,NA,some unintended consequences of information technology in health care the nature of patient care information systemrelated errors,NA,earlier work,NA,NA,10.1197/jamia.m1471,2003,"Joan S. Ash,Marc Berg,Enrico Coiera",14633936,NA
NA,NA,preferred reporting items for systematic reviews and metaanalyses the prisma statement,NA,earlier work,NA,NA,10.1371/journal.pmed.1000097,2009,"David Moher,David Moher,Alessandro Liberati,Alessandro Liberati,Jennifer Tetzlaff,Jennifer Tetzlaff,Douglas G. Altman",NA,NA
NA,NA,scribes in an ambulatory urology practice patient and physician satisfaction,NA,earlier work,NA,NA,10.1016/j.juro.2010.03.040,2010,"Simi Koshy,Paul J. Feustel,Michael Hong,Barry A. Kogan",20483153,NA
NA,NA,use of electronic clinical documentation time spent and team interactions,NA,earlier work,NA,NA,10.1136/jamia.2010.008441,2011,"George Hripcsak,David K. Vawdrey,Matthew R. Fred,Susan Bostwick",21292706,NA
NA,NA,burnout and satisfaction with worklife balance among us physicians relative to the general us population,NA,earlier work,NA,NA,10.1001/archinternmed.2012.3199,2012,"Tait D. Shanafelt,Sonja Boone,Litjen Tan,Lotte N. Dyrbye,Liselotte N. Dyrbye,Wayne Sotile,Daniel Satele,Colin Patrick West,Jeff A Sloan,Michael R. Oreskovich",22911330,NA
NA,NA,factors affecting physician professional satisfaction and their implications for patient care health systems and health policy,NA,earlier work,NA,NA,NA,2013,"Mark W. Friedberg,Peggy G. Chen,Kristin R. Van Busum,Frances Aunon,Chau Pham,John P. Caloyeras,Soeren Mattke,Emma Pitchforth,Denise D. Quigley,Robert H. Brook,F. Jay Crosson,Michael A. Tutty",28083306,NA
NA,NA,from triple to quadruple aim care of the patient requires care of the provider,NA,earlier work,NA,NA,10.1370/afm.1713,2014,"Thomas Bodenheimer,Christine A. Sinsky",25384822,NA
NA,NA,changes in burnout and satisfaction with worklife balance in physicians and the general us working population between 2011 and 2014,NA,earlier work,NA,NA,10.1016/j.mayocp.2015.08.023,2015,"Tait D. Shanafelt,Omar Hasan,Liselotte N. Dyrbye,Lotte N. Dyrbye,Christine A. Sinsky,Daniel Satele,Jeff A Sloan,Colin Patrick West",NA,NA
NA,NA,electronic health record logs indicate that physicians split time evenly between seeing patients and desktop medicine,NA,earlier work,NA,NA,10.1377/hlthaff.2016.0811,2017,"Ming Tai-Seale,Cliff Olson,Jinnan Li,Albert S. Chan,Criss Morikawa,Meg Durbin,Wei Wang,Wei Wang,Harold S. Luft",28373331,NA
NA,NA,estimates of costs of primary care physician turnover,NA,earlier work,NA,NA,NA,1999,"Sharon B. Buchbinder,Modena E. H. Wilson,Clifford F. Melick,Neil R. Powe",10662416,NA
NA,NA,types of unintended consequences related to computerized provider order entry,NA,earlier work,NA,NA,10.1197/jamia.m2042,2006,"Emily M. Campbell,Dean F. Sittig,Joan S. Ash,Kenneth P. Guappone,Richard H. Dykstra",16799128,NA
NA,NA,workarounds to barcode medication administration systems their occurrences causes and threats to patient safety,NA,earlier work,NA,NA,10.1197/jamia.m2616,2008,"Ross Koppel,Tosha B. Wetterneck,Joel Leon Telles,Ben-Tzion Karsh",18436903,NA
NA,NA,a new sociotechnical model for studying health information technology in complex adaptive healthcare systems,NA,earlier work,NA,NA,10.1136/qshc.2010.042085,2010,"Dean F. Sittig,Hardeep Singh",20959322,NA
NA,NA,burnout and medical errors among american surgeons,NA,earlier work,NA,NA,10.1097/sla.0b013e3181bfdab3,2010,"Tait D. Shanafelt,Charles M. Balch,Gerald Bechamps,Thomas R. Russell,Lotte N. Dyrbye,Liselotte N. Dyrbye,Daniel Satele,Paul Collicott,Paul J. Novotny,Jeff A Sloan,Julie A. Freischlag",19934755,NA
NA,NA,impact of scribes on performance indicators in the emergency department,NA,earlier work,NA,NA,10.1111/j.1553-2712.2010.00718.x,2010,"Rajiv Arya,Rajiv Arya,Rajiv Arya,Danielle M. Salovich,Pamela Ohman-Strickland,Mark A. Merlin",20536801,NA
NA,NA,data from clinical notes a perspective on the tension between structure and flexible documentation,NA,earlier work,NA,NA,10.1136/jamia.2010.007237,2011,"S. Trent Rosenbloom,Joshua C. Denny,Hua Xu,Nancy M. Lorenzi,William W. Stead,Kevin B. Johnson",21233086,NA
NA,NA,revisiting em visit guidelinesa missing piece of payment reform,NA,earlier work,NA,NA,10.1056/nejmp1102099,2011,"Robert A. Berenson,Robert A. Berenson,Peter Basch,Amanda Sussex",21591942,NA
NA,NA,clinical documentation composition or synthesis,NA,earlier work,NA,NA,10.1136/amiajnl-2012-000901,2012,"Lena Mamykina,David K. Vawdrey,Peter D. Stetson,Kai Zheng,George Hripcsak",22813762,NA
NA,NA,in search of joy in practice a report of 23 highfunctioning primary care practices,NA,earlier work,NA,NA,10.1370/afm.1531,2013,"Christine A. Sinsky,Rachel Willard-Grace,Andrew M. Schutzbank,Thomas A. Sinsky,David Margolius,Thomas Bodenheimer",23690328,NA
NA,NA,the future state of clinical data capture and documentation a report from amias 2011 policy meeting,NA,earlier work,NA,NA,10.1136/amiajnl-2012-001093,2013,"Caitlin M. Cusack,George Hripcsak,Meryl Bloomrosen,S. Trent Rosenbloom,Charlotte A. Weaver,Adam Wright,David K. Vawdrey,James T. Walker,James M. Walker,Lena Mamykina",22962195,NA
NA,NA,a cluster randomized trial of interventions to improve work conditions and clinician burnout in primary care results from the healthy work place hwp study,NA,earlier work,NA,NA,10.1007/s11606-015-3235-4,2015,"Mark Linzer,Sara Poplau,Ellie Grossman,Anita B. Varkey,Steven H. Yale,Steven H. Yale,Eric S. Williams,Lanis L. Hicks,Roger L. Brown,Jill Wallock,Diane Kohnhorst,Michael Barbouche",25724571,NA
NA,NA,interventions to prevent and reduce physician burnout a systematic review and metaanalysis,NA,earlier work,NA,NA,10.1016/s0140-6736(16)31279-x,2016,"Colin Patrick West,Liselotte N. Dyrbye,Liselotte (Lotte) Dyrbye,Patricia J. Erwin,Tait D. Shanafelt",27692469,NA
NA,NA,impact of scribes on physician satisfaction patient satisfaction and charting efficiency a randomized controlled trial,NA,earlier work,NA,NA,10.1370/afm.2122,2017,"Risha Gidwani,Cathina Nguyen,Alexis Kofoed,Catherine Carragee,Tracy Rydel,Tracy Rydel,Ian Nelligan,Amelia L. Sattler,Megan R. Mahoney,Steven Lin",28893812,NA
NA,NA,the business case for investing in physician wellbeing,NA,earlier work,NA,NA,10.1001/jamainternmed.2017.4340,2017,"Tait D. Shanafelt,Joel Goh,Christine A. Sinsky",28973070,NA
NA,NA,physicians wellbeing linked to inbasket messages generated by algorithms in electronic health records,NA,earlier work,NA,NA,10.1377/hlthaff.2018.05509,2019,"Ming Tai-Seale,Ellis C Dillon,Yan Yang,Robert Nordgren,Ruth L. Steinberg,Teresa Nauenberg,Tim C. Lee,Amy Meehan,Jinnan Li,Albert S. Chan,Dominick L. Frosch",31260371,NA
NA,NA,a piece of my mind,NA,earlier work,NA,NA,10.1016/0002-9378(95)90252-x,1995,Samuel M. Goodrich,7645608,NA
NA,NA,are electronic medical records trustworthy observations on copying pasting and duplication,NA,earlier work,NA,NA,NA,2003,"Kenric W. Hammond,Kenric W. Hammond,Susan Helbig,Craig C. Benson,Craig C. Benson,Beverly M. Brathwaite-Sketoe",14728176,NA
NA,NA,role of computerized physician order entry systems in facilitating medication errors,NA,earlier work,NA,NA,10.1016/j.accreview.2005.06.019,2005,"Ross Koppel,Joshua P. Metlay,Abigail Cohen",NA,NA
NA,NA,meeting the imperative to improve physician wellbeing assessment of an innovative program,NA,earlier work,NA,NA,10.1007/s11606-007-0363-5,2007,"Patrick M. Dunn,Bengt B. Arnetz,John F. Christensen,John F. Christensen,Louis Homer",17891503,NA
NA,NA,the relationship of organizational culture stress satisfaction and burnout with physicianreported error and suboptimal patient care results from the memo study,NA,earlier work,NA,NA,10.1097/01.hmr.0000281626.28363.59,2007,"Eric S. Williams,Linda Baier Manwell,Thomas R. Konrad,Mark Linzer",17666991,NA
NA,NA,copy and paste a remediable hazard of electronic health records,NA,earlier work,NA,NA,10.1016/j.amjmed.2009.02.010,2009,"Eugenia L. Siegler,Ronald D. Adelman",19486708,NA
NA,NA,quantifying clinical narrative redundancy in an electronic health record,NA,earlier work,NA,NA,10.1197/jamia.m3390,2010,"Jesse O. Wrenn,Daniel M. Stein,Suzanne Bakken,Peter D. Stetson",20064801,NA
NA,NA,a qualitative analysis of ehr clinical document synthesis by clinicians,NA,earlier work,NA,NA,NA,2012,"Oladimeji Farri,David S. Pieckiewicz,Ahmed S. Rahman,Ahmed S. Rahman,Terrence J. Adam,Serguei V. S. Pakhomov,Genevieve B. Melton",NA,NA
NA,NA,the cost of technology,NA,earlier work,NA,NA,10.1001/jama.2012.4946,2012,Elizabeth Toll,22797449,NA
NA,NA,electronic patient portals evidence on health outcomes satisfaction efficiency and attitudes a systematic review,NA,earlier work,NA,NA,10.7326/0003-4819-159-10-201311190-00006,2013,"Caroline Goldzweig,Greg Orshansky,Neil M. Paige,Ali Towfigh,David A. Haggstrom,Isomi M Miake-Lye,Jessica M Beroes,Paul G. Shekelle",24247673,NA
NA,NA,factors affecting physician professional satisfaction,NA,earlier work,NA,NA,NA,2013,"Mark W. Friedberg,Kristin R. Van Busum,Peggy G. Chen,Frances Aunon,Chau Pham,John P. Caloyeras,Soeren Mattke,Emma Pitchforth,Denise D. Quigley,Robert H. Brook,F. Jay Crosson,Michael A. Tutty",NA,NA
NA,NA,impact of scribes on patient interaction productivity and revenue in a cardiology clinic a prospective study,NA,earlier work,NA,NA,10.2147/ceor.s49010,2013,"Alan J. Bank,Alan J. Bank,Christopher Obetz,Ann Konrardy,Akbar Khan,Kamalesh M Pillai,Benjamin J McKinley,Ryan M. Gage,Mark A Turnbull,William O Kenney",23966799,NA
NA,NA,in the wake of the 2003 and 2011 duty hours regulations how do internal medicine interns spend their time,NA,earlier work,NA,NA,10.1007/s11606-013-2376-6,2013,"Lauren Block,Robert Habicht,Albert W. Wu,Sanjay V. Desai,Kevin Wang,Kevin Y. Wang,Kathryn Novello Silva,Timothy Niessen,Nora Oliver,Leonard Feldman",23595927,NA
NA,NA,electronic health records design implementation and policy for highervalue primary care,NA,earlier work,NA,NA,10.7326/m13-2589,2014,"Christine A. Sinsky,John W. Beasley,Greg E. Simmons,Richard J. Baron",24842418,NA
NA,NA,use of internists free time by ambulatory care electronic medical record systems,NA,earlier work,NA,NA,10.1001/jamainternmed.2014.4506,2014,"Clement J. McDonald,Fiona M. Callaghan,Arlene Weissman,Rebecca M. Goodwin,Mallika Mundkur,Thomson Kuhn",25200944,NA
NA,NA,physician information needs and electronic health records ehrs time to reengineer the clinic note,NA,earlier work,NA,NA,10.3122/jabfm.2015.03.140244,2015,"Richelle J. Koopman,Linsey M. Steege,Joi L. Moore,Martina A. Clarke,Shannon M. Canfield,Min Soon Kim,Jeffery L. Belden",25957364,NA
NA,NA,the use of medical scribes in health care settings a systematic review and future directions,NA,earlier work,NA,NA,10.3122/jabfm.2015.03.140224,2015,"Cameron G. Shultz,Heather L. Holmstrom",25957370,NA
NA,NA,primary care physicians electronic health record proficiency and efficiency behaviors and time interacting with electronic health records a quantile regression analysis,NA,NA,later work,NA,10.1093/jamia/ocab272,2021,"Oliver T Nguyen,Kea Turner,Nate C. Apathy,Tanja Magoc,Karim Hanna,Lisa J Merlo,Christopher A. Harle,Lindsay A Thompson,Eta S Berner,Sue S Feldman",34897493,NA
NA,NA,which strategies improve physicians experience with health information technology,NA,NA,later work,NA,10.1055/s-0041-1731338,2021,"Jacqueline Haskell,Brittany Mandeville,Emily Cooper,Rebekah Gardner",NA,NA
NA,NA,health information technology and clinician burnout current understanding emerging solutions and future directions,NA,NA,later work,NA,10.1093/jamia/ocab058,2021,"Eric G. Poon,S. Trent Rosenbloom,Kai Zheng",33871016,NA
NA,NA,nursing documentation and its relationship with perceived nursing workload a mixedmethods study among community nurses,NA,NA,later work,NA,10.1186/s12912-022-00811-7,2022,"Kim de Groot,Anke J.E. de Veer,Anne M Munster,Anneke L. Francke,Wolter Paans",35090442,NA
NA,NA,physician burnout and the electronic health record leading up to and during the first year of covid19 a systematic review,NA,NA,later work,NA,10.2196/preprints.36200,2022,"Scott Kruse,Clemens Scott Kruse,Michael Mileski,Gevin Dray,Zakia Johnson,Cameron Shaw,Harshita Shirodkar",NA,NA
NA,NA,physician burnout and the electronic health record leading up to and during the first year of covid19 a systematic review,NA,NA,later work,NA,10.2196/36200,2022,"Clemens Scott Kruse,Michael Mileski,Gevin Dray,Zakia Johnson,Cameron Shaw,Harshita Shirodkar",35120019,NA
NA,NA,digital scribe utility and barriers to implementation in clinical practice a scoping review,NA,NA,later work,NA,10.1007/s12553-021-00568-0,2021,"Shilpa Ghatnekar,Shilpa Ghatnekar,Shilpa Ghatnekar,Adam Faletsky,Vinod E. Nambudiri",34094806,NA
NA,NA,interaction time with electronic health records a systematic review,NA,NA,later work,NA,10.1055/s-0041-1733909,2021,"Yuliya Pinevich,Kathryn J. Clark,Kathryn J. Clark,Andrew M. Harrison,Brian W. Pickering,Vitaly Herasevich",34433218,NA
NA,NA,length and redundancy of outpatient progress notes across a decade at an academic medical center,NA,NA,later work,NA,10.1001/jamanetworkopen.2021.15334,2021,"Adam Rule,Steven Bedrick,Michael F. Chiang,Michael F. Chiang,Michelle R. Hribar",34279650,NA
NA,NA,medknowts unified documentation and information retrieval for electronic health records,NA,NA,later work,NA,10.1145/3472749.3474814,2021,"Luke Murray,Divya Gopinath,Monica Agrawal,Steven Horng,David Sontag,David R. Karger",NA,NA
NA,NA,medknowts unified documentation and information retrieval for electronic health records,NA,NA,later work,NA,10.1145/3472749.3474814,2021,"Luke Murray,Divya Gopinath,Divya Gopinath,Monica Agrawal,Steven Horng,David Sontag,David R. Karger,David R. Karger",NA,NA
NA,NA,methods for largescale quantitative analysis of scribe impacts on clinical documentation,NA,NA,later work,NA,NA,2020,"Michelle R. Hribar,Haley Lane Dusek,Isaac H. Goldstein,Adam Rule,Michael F. Chiang",33936431,NA
NA,NA,unintended consequences of nationwide electronic health record adoption challenges and opportunities in the postmeaningful use era,NA,NA,later work,NA,10.2196/13313,2019,"Tiago K. Colicchio,James J. Cimino,Guilherme Del Fiol",31162125,NA
NA,NA,applying speech recognition and language processing methods to transcribe and structure physicians audio notes to a standardized clinical report format,NA,NA,later work,NA,NA,2020,Syed Muhammad Faizan,NA,NA
NA,NA,clinical documentation for intensivists the impact of diagnosis documentation,NA,NA,later work,NA,10.1097/ccm.0000000000004200,2020,"Amy L Sanderson,Jeffrey P. Burns",NA,NA
NA,NA,electronic health records in ophthalmology source and method of documentation,NA,NA,later work,NA,10.1016/j.ajo.2019.11.030,2020,"Bradley S. Henriksen,Isaac H. Goldstein,Adam Rule,Abigail E. Huang,Haley Lane Dusek,Austin Igelman,Michael F. Chiang,Michelle R. Hribar",31811860,NA
NA,NA,electronic health records and burnout time spent on the electronic health record after hours and message volume associated with exhaustion but not with cynicism among primary care clinicians,NA,NA,later work,NA,10.1093/jamia/ocz220,2020,"Julia Adler-Milstein,Wendi Zhao,Rachel Willard-Grace,Margae Knox,Kevin Grumbach",32016375,NA
NA,NA,envisioning a better us health care system for all health care delivery and payment system reforms,NA,NA,later work,NA,10.7326/m19-2407,2020,"Shari M. Erickson,Brian Outland,Suzanne Joy,Brooke Rockwern,Josh Serchen,Ryan D. Mire,Jason M. Goldman",31958802,NA
NA,NA,nephrology fellows and program directors perceptions of hospital rounds in the united states,NA,NA,later work,NA,10.2215/cjn.10190819,2020,"Suzanne M. Boyle,Suzanne M. Boyle,Keshab Subedi,Kurtis A. Pivert,Meera N. Harhay,Jaime Baynes-Fields,Jesse Goldman,Jesse Goldman,Karen M. Warburton",32184295,NA
NA,NA,physician stress and burnout,NA,NA,later work,NA,10.1016/j.amjmed.2019.08.034,2020,"Scott W. Yates,Scott W. Yates",31520624,NA
NA,NA,the impact of an integrated electronic health record on nurse time at the bedside a prepost continuous time and motion study,NA,NA,later work,NA,10.1016/j.colegn.2019.06.006,2020,"Rachel Walker,Elizabeth Burmeister,Carol Jeffrey,Sean Birgan,Elizabeth Garrahy,Jenny Andrews,Adriana Hada,Leanne M. Aitken",NA,NA
NA,NA,a daily hospital progress note that increases physician usability of the electronic health record by facilitating a problemoriented approach to the patient and reducing physician clerical burden,NA,NA,later work,NA,10.7812/tpp/18-221,2019,"James Sutton,Sutton Jm,James M Sutton,Ash,Steven R Ash,Al Makki A,Akram Al Makki,Rabih Kalakeche,Rabih Kalakeche,Kalakeche R",31314721,NA
NA,NA,can informatics innovation help mitigate clinician burnout,NA,NA,later work,NA,10.1093/jamia/ocy186,2019,Suzanne Bakken,30668747,NA
NA,NA,changes in electronic health record use time and documentation over the course of a decade,NA,NA,later work,NA,10.1016/j.ophtha.2019.01.011,2019,"Isaac H. Goldstein,Thomas S. Hwang,Sowjanya Gowrisankaran,Sowjanya Gowrisankaran,Ryan Bales,Michael F. Chiang,Michelle R. Hribar",30664893,NA
NA,NA,changes in rates and content of primary care visits within an evolving health care system,NA,NA,later work,NA,10.1370/afm.2477,2019,Donald E. Pathman,NA,NA
NA,NA,diabetes care editors expert forum 2018 managing big data for diabetes research and care,NA,NA,later work,NA,10.2337/dci19-0020,2019,"Matthew C. Riddle,Lawrence Blonde,Hertzel C. Gerstein,Edward W. Gregg,Rury R. Holman,John M. Lachin,Gregory A. Nichols,Alexander Turchin,William T. Cefalu",31666233,NA
NA,NA,neurological dashboards and consultation turnaround time at an academic medical center,NA,NA,later work,NA,10.1055/s-0039-1698465,2019,"Benjamin R Kummer,Joshua Z. Willey,Michael J. Zelenetz,Yiping Hu,Soumitra Sengupta,Mitchell S.V. Elkind,George Hripcsak",31694054,NA
NA,NA,organizational strategies to reduce physician burnout and improve professional fulfillment,NA,NA,later work,NA,10.1016/j.cppeds.2019.100664,2019,"Kristine Olson,Daniel Marchalik,H. Farley,Shannon M. Dean,Elizabeth Lawrence,Maryam S. Hamidi,Susannah Rowe,Joanne M. McCool,Cormac A. O'Donovan,Mark A. Micek,Mark A. Micek,Miriam T. Stewart",31588019,NA
NA,NA,physician stress and burnout the impact of health information technology,NA,NA,later work,NA,10.1093/jamia/ocy145,2019,"Rebekah Gardner,Emily Cooper,Emily Cooper,Jacqueline Haskell,Daniel A. Harris,Sara Poplau,Philip J Kroth,Mark Linzer",30517663,NA
NA,NA,protecting healing relationships in the age of electronic health records report from an international conference,NA,NA,later work,NA,10.1093/jamiaopen/ooz012,2019,"Elizabeth Toll,Maria Alcocer Alkureishi,Wei Wei Lee,Stewart Babbott,Philip A Bain,John W. Beasley,Richard M. Frankel,Alice A Loveys,Hedy S. Wald,Susan Woods,Susan S. Woods,William R. Hersh",31984362,NA
NA,NA,reengineering approaches for learning health systems applications in nursing research to learn from safety information gaps and workarounds to overcome electronic health record silos,NA,NA,later work,NA,10.1007/978-3-030-16916-9_8,2019,"Sarah Collins Rossetti,Po-Yin Yen,Patricia C. Dykes,Kumiko O. Schnock,Kenrick Cato",NA,NA
NA,NA,selfperceptions of readiness to use electronic health records among medical students survey study,NA,NA,later work,NA,10.2196/17585,2019,"Lina Lander,Sally L. Baxter,Gary L Cochran,Helena E. Gali,Kristen Cook,Thomas Hatch,Regan Taylor,Linda Awdishu",NA,NA
NA,NA,time requirements of paperbased clinical workflows and afterhours documentation in a multispecialty academic ophthalmology practice,NA,NA,later work,NA,10.1016/j.ajo.2019.03.014,2019,"Sally L. Baxter,Helena E. Gali,Abigail E. Huang,Marlene Millen,Robert El-Kareh,Eric Nudleman,Shira L. Robbins,Christopher W.D. Heichel,Andrew Camp,Bobby S. Korn,Jeffrey E. Lee,Don O. Kikkawa,Christopher A. Longhurst,Michael F. Chiang,Michelle R. Hribar,Lucila Ohno-Machado",30910517,NA
NA,NA,association of medical scribes in primary care with physician workflow and patient experience,NA,NA,later work,NA,10.1001/jamainternmed.2018.3956,2018,"Pranita Mishra,Jacqueline C. Kiang,Richard W. Grant",30242380,NA
NA,NA,patient acceptance of remote scribing powered by google glass in outpatient dermatology crosssectional study,NA,NA,later work,NA,10.2196/10762,2018,"Sandra Odenheimer,Deepika Goyal,Deepika Goyal,Veena Goel Jones,Veena G Jones,Ruth K. Rosenblum,Ruth K. Rosenblum,Lam Ho,Albert S. Chan",29929947,NA
NA,NA,strategies for improving physician documentation in the emergency department a systematic review,NA,NA,later work,NA,10.1186/s12873-018-0188-z,2018,"Diane L. Lorenzetti,Hude Quan,Kelsey Lucyk,Ceara Tess Cunningham,Deirdre Hennessy,Jason Jiang,Cynthia A. Beck",30558573,NA
NA,NA,the daunting career of the physicianinvestigator dont blame it on the emr,NA,NA,later work,NA,10.1097/acm.0000000000002108,2018,"Laura J. Fochtmann,Laura J. Fochtmann",NA,NA
NA,NA,electronic clinical documentation,NA,NA,later work,NA,10.1016/b978-0-12-809523-2.00004-2,2017,"Gordon D. Schiff,Mary J. Tharayil",NA,NA
NA,NA,factors related to the adoption of electronic health records,NA,NA,later work,NA,NA,2017,Svieta Ngcaba,NA,NA
NA,NA,have electronic health records improved the quality of patient care,NA,NA,later work,NA,10.1016/j.pmrj.2017.04.001,2017,"Louis Krenn,David Schlossman,D M Schlossman",28527503,NA
NA,NA,the electronic health record as a catalyst for quality improvement in patient care,NA,NA,later work,NA,10.1136/heartjnl-2015-308724,2016,Thomas H. Payne,27504000,NA
